Firstname,Lastname,Phone,Email,Address,Package
karan,patel,(789) 564-2342,rahul132.dds@gmail.com,californiya west,
jay,patel,(458) 784-5421,jay@gmail.com, Mid Atlantic Boulevard Mid Atlantic Boulevard     ,
Melyssa,Berry,+1 (254) 124-9023,kazaqoweq@mailinator.net, ,Shampoo
Tara,Leach,+1 (583) 153-3019,xidonip@mailinator.net, ,
Rahim,Kramer,+1 (218) 654-7236,birutyqivo@mailinator.com, ,
Brynne,Beasley,+1 (625) 543-3435,rahul132.dds@gmail.com,Sed tempora nisi et ,
Jelani,Rogers,+1 (182) 524-7803,pewywabe@mailinator.netcalifo,   ,Rowan Moss
Rigel,Pope,+1 (931) 544-9428,jynafi@mailinator.net, ,
Slade,Stephenson,+1 (502) 799-7627,vimeb@mailinator.com, ,
Jael,Haley,+1 (578) 973-5671,qatyvu@mailinator.net, ,
Hyacinth,Brewer,+1 (937) 561-6594,bahihohyc@mailinator.com, ,
Jonas,Salinas,+1 (472) 961-9472,mocum@mailinator.net, ,
Magee,Stevens,+1 (239) 931-9463,huzunajuwu@mailinator.com, ,
Eve,Pate,+1 (151) 546-7651,kitof@mailinator.net, ,
Clementine,Goodman,+1 (907) 133-5679,quxagyzap@mailinator.net,Non non et nihil non,
Josiah,Mcguire,+1 (228) 706-3506,newosa@mailinator.com, ,
Drew,Tran,+1 (582) 245-7772,noxox@mailinator.com, ,
Maxine,Griffith,+1 (941) 816-5161,sefiqucaj@mailinator.com, ,
roy,as123,(531) 564-6465,fgdfgfg@gmail.com,fgfdg,
Lareina,Brooks,+1 (168) 262-7712,zazuva@mailinator.net, ,
Fulton,Mclean,+1 (446) 913-2773,cudosupy@mailinator.com, ,
llllllllll,luyhghjg,(132) 165-4132,lll@gmial.com,   ,
Malcolm,Grant,+1 (978) 767-9525,wemusyra@mailinator.com,Est ut aut quis dolo,
Piper,Henry,+1 (436) 539-1814,vacisekit@mailinator.net,Optio itaque ducimu,
Ignatius,Snider,+1 (885) 369-3316,rekykabo@mailinator.com,Magna dicta aspernat,
first,last,(123)456-8790,Test@test.com,Address,
